aa-3-S,,,,,aa-3-S,,aa-3-S,Aa-3-S,,aa-3-S,,,,,Aa-3-n,,,,,
,,aA-3-S,,,,,,,,,,Aa-3-S,aA-3-S,,,,,,aA-3-S,
Aa-3-S,,Aa-3-S,,,Aa-3-S,,aA-3-S,,,,,,,,aA-3-S,aA-3-S,aA-3-S,,aA-3-S,
,,Aa-3-S,,,,,aa-3-S,,aA-3-S,,,,,,,aA-3-S,,,aA-3-S,
,,,,,,,,,,,,Aa-3-S,,aA-3-S,,,,,,
Aa-3-S,,,Aa-3-S,,,A-5-S,,,Aa-3-S,,,,,,,Aa-3-S,,,Aa-3-S,
,,,,,,,,,,,,,,,,,,,,,,,,,,,,
,,,,,,,,,,,,,,,,,,,,,,,,,,,,
,A-5-N,,,Aa-3-S,,,A-5-N,,Aa-3-S,,Aa-3-S,,A-5-N,Aa-3-S,,Aa-3-S,,,,
,,,,Aa-3-S,,,A-5-S,,,,A-5-S,,Aa-3-S,,,,,,
,,aA-3-S,,Aa-3-S,,,,,,,,,,,,,A-6-S,,,
,A-5-N,,,,,,Aa-3-S,A-5-N,A-5-N,,aA-3-S,,,Aa-3-S,,,,,,
,,,,,,,,A-5-E,,,,,,Aa-3-S,,,aA-3-S,,,
Aa-3-S,,A-5-E,,aA-3-S,,,,,,A-5-E,,,A-6-S,,,,,,,
,A-5-N,A-5-E,,,,,aA-3-S,,aA-3-S,aa-3-S,,,,,,,A-6-N,aa-3-S,A-6-N,
,,,,,,,,,,,,,,,,,,,,,,,,,,,,
